{
  "data_shape": [
    116,
    27
  ],
  "PC1_variance_pct": 22.70672631950526,
  "cumvar_K5_pct": 61.08742013165216,
  "K_scree": 7,
  "K_kaiser": 8,
  "K_80pct": 10,
  "K_95pct": 18,
  "K_recommended": 9,
  "variant_selected": "V2"
}