{
  "best_r2": 0.99007768948113,
  "best_r2_std": 0.0074907353087873985,
  "fold_scores": [
    0.9947627986548151,
    0.9819461821133395,
    0.9945257833899313,
    0.9940340563890883,
    0.9980581459632564,
    0.9706984258199708,
    0.9876421632810701,
    0.9980280499405354,
    0.9812299745925346,
    0.9882200841661196,
    0.9895124746744057,
    0.9988954734178451,
    0.9921313561766831,
    0.9954768648990435,
    0.9860035087383114
  ],
  "parameters": {
    "alpha": 0.006796578090758156,
    "learning_rate_init": 0.00011527987128232407,
    "learning_rate": "constant",
    "max_iter": 1031,
    "early_stopping": false,
    "batch_size": 64,
    "solver": "lbfgs"
  },
  "timestamp": "2026-04-22T09:08:14.934037"
}