{
  "xgboost": {
    "r2": 0.6549636004079249,
    "mae": 0.09678540942554942,
    "rmse": 0.13104402400667137
  },
  "random_forest": {
    "r2": 0.5925384196195987,
    "mae": 0.10441712865863571,
    "rmse": 0.14240593729277776
  },
  "mlp": {
    "r2": 0.12832728540870753,
    "mae": 0.12872139712656935,
    "rmse": 0.20828667628942896
  },
  "ensemble": {
    "r2": 0.5942199994273705,
    "mae": 0.09727921464762825,
    "rmse": 0.14211178130447408
  },
  "paper_reference": {
    "xgboost_r2": 0.614,
    "random_forest_r2": 0.537,
    "mlp_r2": 0.663,
    "ensemble_r2": 0.765
  }
}