{
  "per_seed": {
    "42": {
      "IsolationForest": {
        "precision": 0.9090909090909091,
        "recall": 0.9523809523809523,
        "f1": 0.9302325581395349,
        "auc": 0.927259460547504,
        "accuracy": 0.9105058365758755
      },
      "OneClassSVM": {
        "precision": 0.9958246346555324,
        "recall": 0.9875776397515528,
        "f1": 0.9916839916839917,
        "auc": 0.9958897659305267,
        "accuracy": 0.9896238651102465
      },
      "LocalOutlierFactor": {
        "precision": 0.6264591439688716,
        "recall": 1.0,
        "f1": 0.7703349282296651,
        "auc": 0.4050368788819876,
        "accuracy": 0.6264591439688716
      },
      "ZscoreMax": {
        "precision": 0.9886363636363636,
        "recall": 0.9906832298136646,
        "f1": 0.9896587383660806,
        "auc": 0.9944448038877387,
        "accuracy": 0.9870298313878081
      },
      "CKDI_thresholded": {
        "precision": 0.9929577464788732,
        "recall": 0.7298136645962733,
        "f1": 0.8412887828162291,
        "auc": 0.7619820422130203,
        "accuracy": 0.8274967574578469
      }
    },
    "43": {
      "IsolationForest": {
        "precision": 0.8791512915129152,
        "recall": 0.9865424430641822,
        "f1": 0.9297560975609757,
        "auc": 0.9336036346905913,
        "accuracy": 0.9066147859922179
      },
      "OneClassSVM": {
        "precision": 0.9917525773195877,
        "recall": 0.9958592132505176,
        "f1": 0.993801652892562,
        "auc": 0.99815425868415,
        "accuracy": 0.9922178988326849
      },
      "LocalOutlierFactor": {
        "precision": 0.6264591439688716,
        "recall": 1.0,
        "f1": 0.7703349282296651,
        "auc": 0.3889535886818496,
        "accuracy": 0.6264591439688716
      },
      "ZscoreMax": {
        "precision": 0.9825819672131147,
        "recall": 0.9927536231884058,
        "f1": 0.9876416065911432,
        "auc": 0.9978631096158269,
        "accuracy": 0.9844357976653697
      },
      "CKDI_thresholded": {
        "precision": 0.9972565157750343,
        "recall": 0.7525879917184265,
        "f1": 0.8578171091445428,
        "auc": 0.7794258252818035,
        "accuracy": 0.8437094682230869
      }
    },
    "44": {
      "IsolationForest": {
        "precision": 0.8833333333333333,
        "recall": 0.9875776397515528,
        "f1": 0.9325513196480938,
        "auc": 0.9480155135725787,
        "accuracy": 0.9105058365758755
      },
      "OneClassSVM": {
        "precision": 0.9948186528497409,
        "recall": 0.9937888198757764,
        "f1": 0.9943034697048162,
        "auc": 0.9996585288704853,
        "accuracy": 0.9928664072632944
      },
      "LocalOutlierFactor": {
        "precision": 0.6264591439688716,
        "recall": 1.0,
        "f1": 0.7703349282296651,
        "auc": 0.3889014694041868,
        "accuracy": 0.6264591439688716
      },
      "ZscoreMax": {
        "precision": 0.9816326530612245,
        "recall": 0.9958592132505176,
        "f1": 0.9886947584789312,
        "auc": 0.9989144812514377,
        "accuracy": 0.9857328145265889
      },
      "CKDI_thresholded": {
        "precision": 0.9957081545064378,
        "recall": 0.7204968944099379,
        "f1": 0.836036036036036,
        "auc": 0.750916580400276,
        "accuracy": 0.8229571984435797
      }
    },
    "45": {
      "IsolationForest": {
        "precision": 0.9065880039331367,
        "recall": 0.9544513457556936,
        "f1": 0.929904185577408,
        "auc": 0.9338480561306648,
        "accuracy": 0.9098573281452659
      },
      "OneClassSVM": {
        "precision": 0.9917269906928645,
        "recall": 0.9927536231884058,
        "f1": 0.992240041386446,
        "auc": 0.9963426644812514,
        "accuracy": 0.9902723735408561
      },
      "LocalOutlierFactor": {
        "precision": 0.6264591439688716,
        "recall": 1.0,
        "f1": 0.7703349282296651,
        "auc": 0.3875733264320221,
        "accuracy": 0.6264591439688716
      },
      "ZscoreMax": {
        "precision": 0.9896157840083074,
        "recall": 0.9865424430641822,
        "f1": 0.9880767236910316,
        "auc": 0.99457420347366,
        "accuracy": 0.9850843060959793
      },
      "CKDI_thresholded": {
        "precision": 0.9888579387186629,
        "recall": 0.7349896480331263,
        "f1": 0.8432304038004751,
        "auc": 0.7642878709454797,
        "accuracy": 0.8287937743190662
      }
    },
    "46": {
      "IsolationForest": {
        "precision": 0.9128712871287129,
        "recall": 0.9544513457556936,
        "f1": 0.9331983805668016,
        "auc": 0.9336593484011962,
        "accuracy": 0.914396887159533
      },
      "OneClassSVM": {
        "precision": 0.9948024948024948,
        "recall": 0.9906832298136646,
        "f1": 0.9927385892116183,
        "auc": 0.9959436824246607,
        "accuracy": 0.9909208819714657
      },
      "LocalOutlierFactor": {
        "precision": 0.6264591439688716,
        "recall": 1.0,
        "f1": 0.7703349282296651,
        "auc": 0.399963336783989,
        "accuracy": 0.6264591439688716
      },
      "ZscoreMax": {
        "precision": 0.9866117404737385,
        "recall": 0.9917184265010351,
        "f1": 0.9891584925141972,
        "auc": 0.9974425609615827,
        "accuracy": 0.9863813229571985
      },
      "CKDI_thresholded": {
        "precision": 0.9941176470588236,
        "recall": 0.6997929606625258,
        "f1": 0.8213851761846902,
        "auc": 0.7325993501265241,
        "accuracy": 0.8093385214007782
      }
    }
  },
  "aggregated": [
    {
      "method": "IsolationForest",
      "precision_mean": 0.8982069649998013,
      "precision_std": 0.014057652770427245,
      "recall_mean": 0.9670807453416149,
      "recall_std": 0.016333816085561916,
      "f1_mean": 0.9311285082985628,
      "f1_std": 0.0014487213250878102,
      "auc_mean": 0.935277202668507,
      "auc_std": 0.0068411913500688775,
      "accuracy_mean": 0.9103761348897536,
      "accuracy_std": 0.002474550457631497,
      "n_seeds": 5
    },
    {
      "method": "OneClassSVM",
      "precision_mean": 0.993785070064044,
      "precision_std": 0.0017105547433798282,
      "recall_mean": 0.9921325051759835,
      "recall_std": 0.002823640102895631,
      "f1_mean": 0.992953548975887,
      "f1_std": 0.0009704269911457684,
      "auc_mean": 0.9971977800782147,
      "auc_std": 0.0014822294398401908,
      "accuracy_mean": 0.9911802853437095,
      "accuracy_std": 0.0012028039553172078,
      "n_seeds": 5
    },
    {
      "method": "LocalOutlierFactor",
      "precision_mean": 0.6264591439688716,
      "precision_std": 0.0,
      "recall_mean": 1.0,
      "recall_std": 0.0,
      "f1_mean": 0.7703349282296651,
      "f1_std": 0.0,
      "auc_mean": 0.394085720036807,
      "auc_std": 0.007072492573472729,
      "accuracy_mean": 0.6264591439688716,
      "accuracy_std": 0.0,
      "n_seeds": 5
    },
    {
      "method": "ZscoreMax",
      "precision_mean": 0.9858157016785498,
      "precision_std": 0.003193285821359853,
      "recall_mean": 0.9915113871635611,
      "recall_std": 0.0030287243971693326,
      "f1_mean": 0.9886460639282767,
      "f1_std": 0.0007243682184885085,
      "auc_mean": 0.9966478318380492,
      "auc_std": 0.0018110472530343132,
      "accuracy_mean": 0.9857328145265889,
      "accuracy_std": 0.0009171294178813813,
      "n_seeds": 5
    },
    {
      "method": "CKDI_thresholded",
      "precision_mean": 0.9937796005075663,
      "precision_std": 0.002857297134823847,
      "recall_mean": 0.727536231884058,
      "recall_std": 0.017364170887173305,
      "f1_mean": 0.8399515015963945,
      "f1_std": 0.011762302186536018,
      "auc_mean": 0.7578423337934208,
      "auc_std": 0.015554443251218172,
      "accuracy_mean": 0.8264591439688717,
      "accuracy_std": 0.011040653667979464,
      "n_seeds": 5
    }
  ],
  "config": {
    "seeds": [
      42,
      43,
      44,
      45,
      46
    ],