scenario,n,ckdi_mean,ckdi_std
Cryptojacking,1793,0.45781510762257543,0.22626051751691356
DoS,865,0.24721739421559763,0.04493635608641361
Recon,1206,0.16631016884985098,0.03438843268777499
